<annotation>
	<folder></folder>
	<filename>BD-10_webp.rf.d19147ec8c4e19a2eb2ee82b73bb8396.jpg</filename>
	<path>BD-10_webp.rf.d19147ec8c4e19a2eb2ee82b73bb8396.jpg</path>
	<source>
		<database>roboflow.com</database>
	</source>
	<size>
		<width>640</width>
		<height>640</height>
		<depth>3</depth>
	</size>
	<segmented>0</segmented>
	<object>
		<name>BIRD</name>
		<pose>Unspecified</pose>
		<truncated>0</truncated>
		<difficult>0</difficult>
		<occluded>0</occluded>
		<bndbox>
			<xmin>143</xmin>
			<xmax>475</xmax>
			<ymin>251</ymin>
			<ymax>407</ymax>
		</bndbox>
	</object>
</annotation>
