<annotation>
	<folder></folder>
	<filename>BD-10_webp.rf.098132d838c2408b30a4d726456e80aa.jpg</filename>
	<path>BD-10_webp.rf.098132d838c2408b30a4d726456e80aa.jpg</path>
	<source>
		<database>roboflow.com</database>
	</source>
	<size>
		<width>640</width>
		<height>640</height>
		<depth>3</depth>
	</size>
	<segmented>0</segmented>
	<object>
		<name>BIRD</name>
		<pose>Unspecified</pose>
		<truncated>0</truncated>
		<difficult>0</difficult>
		<occluded>0</occluded>
		<bndbox>
			<xmin>251</xmin>
			<xmax>407</xmax>
			<ymin>168</ymin>
			<ymax>500</ymax>
		</bndbox>
	</object>
</annotation>
