<annotation>
	<folder></folder>
	<filename>BD-2_jpg.rf.f2f35e8c2ce7af271bad81babea892aa.jpg</filename>
	<path>BD-2_jpg.rf.f2f35e8c2ce7af271bad81babea892aa.jpg</path>
	<source>
		<database>roboflow.com</database>
	</source>
	<size>
		<width>640</width>
		<height>640</height>
		<depth>3</depth>
	</size>
	<segmented>0</segmented>
	<object>
		<name>BIRD</name>
		<pose>Unspecified</pose>
		<truncated>0</truncated>
		<difficult>0</difficult>
		<occluded>0</occluded>
		<bndbox>
			<xmin>48</xmin>
			<xmax>544</xmax>
			<ymin>138</ymin>
			<ymax>550</ymax>
		</bndbox>
	</object>
</annotation>
