<annotation>
	<folder></folder>
	<filename>BD-2_jpg.rf.ac7287c4dde2d776674808e0987439ae.jpg</filename>
	<path>BD-2_jpg.rf.ac7287c4dde2d776674808e0987439ae.jpg</path>
	<source>
		<database>roboflow.com</database>
	</source>
	<size>
		<width>640</width>
		<height>640</height>
		<depth>3</depth>
	</size>
	<segmented>0</segmented>
	<object>
		<name>BIRD</name>
		<pose>Unspecified</pose>
		<truncated>0</truncated>
		<difficult>0</difficult>
		<occluded>0</occluded>
		<bndbox>
			<xmin>99</xmin>
			<xmax>595</xmax>
			<ymin>92</ymin>
			<ymax>504</ymax>
		</bndbox>
	</object>
</annotation>
