<annotation>
	<folder></folder>
	<filename>BD-2_jpg.rf.9ebd4d7623ac7820c0687f9206087034.jpg</filename>
	<path>BD-2_jpg.rf.9ebd4d7623ac7820c0687f9206087034.jpg</path>
	<source>
		<database>roboflow.com</database>
	</source>
	<size>
		<width>640</width>
		<height>640</height>
		<depth>3</depth>
	</size>
	<segmented>0</segmented>
	<object>
		<name>BIRD</name>
		<pose>Unspecified</pose>
		<truncated>0</truncated>
		<difficult>0</difficult>
		<occluded>0</occluded>
		<bndbox>
			<xmin>138</xmin>
			<xmax>550</xmax>
			<ymin>98</ymin>
			<ymax>595</ymax>
		</bndbox>
	</object>
</annotation>
