<annotation>
	<folder></folder>
	<filename>BD-3_webp.rf.1599b10baf93b82b9e346c1a6bfa8171.jpg</filename>
	<path>BD-3_webp.rf.1599b10baf93b82b9e346c1a6bfa8171.jpg</path>
	<source>
		<database>roboflow.com</database>
	</source>
	<size>
		<width>640</width>
		<height>640</height>
		<depth>3</depth>
	</size>
	<segmented>0</segmented>
	<object>
		<name>BIRD</name>
		<pose>Unspecified</pose>
		<truncated>0</truncated>
		<difficult>0</difficult>
		<occluded>0</occluded>
		<bndbox>
			<xmin>104</xmin>
			<xmax>546</xmax>
			<ymin>147</ymin>
			<ymax>638</ymax>
		</bndbox>
	</object>
</annotation>
