<annotation>
	<folder></folder>
	<filename>BD-3_webp.rf.da0b910f14d5c5e8d4b44ea85c5b4d68.jpg</filename>
	<path>BD-3_webp.rf.da0b910f14d5c5e8d4b44ea85c5b4d68.jpg</path>
	<source>
		<database>roboflow.com</database>
	</source>
	<size>
		<width>640</width>
		<height>640</height>
		<depth>3</depth>
	</size>
	<segmented>0</segmented>
	<object>
		<name>BIRD</name>
		<pose>Unspecified</pose>
		<truncated>0</truncated>
		<difficult>0</difficult>
		<occluded>0</occluded>
		<bndbox>
			<xmin>5</xmin>
			<xmax>496</xmax>
			<ymin>104</ymin>
			<ymax>546</ymax>
		</bndbox>
	</object>
</annotation>
