<annotation>
	<folder></folder>
	<filename>BD11_webp.rf.eb302bad77841dba4b4216a816a8dce5.jpg</filename>
	<path>BD11_webp.rf.eb302bad77841dba4b4216a816a8dce5.jpg</path>
	<source>
		<database>roboflow.com</database>
	</source>
	<size>
		<width>640</width>
		<height>640</height>
		<depth>3</depth>
	</size>
	<segmented>0</segmented>
	<object>
		<name>BIRD</name>
		<pose>Unspecified</pose>
		<truncated>0</truncated>
		<difficult>0</difficult>
		<occluded>0</occluded>
		<bndbox>
			<xmin>120</xmin>
			<xmax>536</xmax>
			<ymin>251</ymin>
			<ymax>435</ymax>
		</bndbox>
	</object>
</annotation>
