<annotation>
	<folder></folder>
	<filename>BD11_webp.rf.92bea07feaed725d7d68934d3e26260a.jpg</filename>
	<path>BD11_webp.rf.92bea07feaed725d7d68934d3e26260a.jpg</path>
	<source>
		<database>roboflow.com</database>
	</source>
	<size>
		<width>640</width>
		<height>640</height>
		<depth>3</depth>
	</size>
	<segmented>0</segmented>
	<object>
		<name>BIRD</name>
		<pose>Unspecified</pose>
		<truncated>0</truncated>
		<difficult>0</difficult>
		<occluded>0</occluded>
		<bndbox>
			<xmin>208</xmin>
			<xmax>392</xmax>
			<ymin>120</ymin>
			<ymax>536</ymax>
		</bndbox>
	</object>
</annotation>
