<annotation>
	<folder></folder>
	<filename>BD13_jpg.rf.2980ea6c0942e6adc28e3d55d010594a.jpg</filename>
	<path>BD13_jpg.rf.2980ea6c0942e6adc28e3d55d010594a.jpg</path>
	<source>
		<database>roboflow.com</database>
	</source>
	<size>
		<width>640</width>
		<height>640</height>
		<depth>3</depth>
	</size>
	<segmented>0</segmented>
	<object>
		<name>BIRD</name>
		<pose>Unspecified</pose>
		<truncated>0</truncated>
		<difficult>0</difficult>
		<occluded>0</occluded>
		<bndbox>
			<xmin>12</xmin>
			<xmax>612</xmax>
			<ymin>17</ymin>
			<ymax>541</ymax>
		</bndbox>
	</object>
</annotation>
