<annotation>
	<folder></folder>
	<filename>BD14_webp.rf.645bc07bf37bbc9c5d7c509fa9cd35bc.jpg</filename>
	<path>BD14_webp.rf.645bc07bf37bbc9c5d7c509fa9cd35bc.jpg</path>
	<source>
		<database>roboflow.com</database>
	</source>
	<size>
		<width>640</width>
		<height>640</height>
		<depth>3</depth>
	</size>
	<segmented>0</segmented>
	<object>
		<name>BIRD</name>
		<pose>Unspecified</pose>
		<truncated>0</truncated>
		<difficult>0</difficult>
		<occluded>0</occluded>
		<bndbox>
			<xmin>167</xmin>
			<xmax>482</xmax>
			<ymin>97</ymin>
			<ymax>523</ymax>
		</bndbox>
	</object>
</annotation>
