<annotation>
	<folder></folder>
	<filename>BD14_webp.rf.1273c0ffed0b6f3abd3ab7cdb7e8b0a8.jpg</filename>
	<path>BD14_webp.rf.1273c0ffed0b6f3abd3ab7cdb7e8b0a8.jpg</path>
	<source>
		<database>roboflow.com</database>
	</source>
	<size>
		<width>640</width>
		<height>640</height>
		<depth>3</depth>
	</size>
	<segmented>0</segmented>
	<object>
		<name>BIRD</name>
		<pose>Unspecified</pose>
		<truncated>0</truncated>
		<difficult>0</difficult>
		<occluded>0</occluded>
		<bndbox>
			<xmin>97</xmin>
			<xmax>523</xmax>
			<ymin>160</ymin>
			<ymax>475</ymax>
		</bndbox>
	</object>
</annotation>
