<annotation>
	<folder></folder>
	<filename>BD15_webp.rf.81a06d19907bcf19a4913e23bc2cc30c.jpg</filename>
	<path>BD15_webp.rf.81a06d19907bcf19a4913e23bc2cc30c.jpg</path>
	<source>
		<database>roboflow.com</database>
	</source>
	<size>
		<width>640</width>
		<height>640</height>
		<depth>3</depth>
	</size>
	<segmented>0</segmented>
	<object>
		<name>BIRD</name>
		<pose>Unspecified</pose>
		<truncated>0</truncated>
		<difficult>0</difficult>
		<occluded>0</occluded>
		<bndbox>
			<xmin>131</xmin>
			<xmax>627</xmax>
			<ymin>61</ymin>
			<ymax>505</ymax>
		</bndbox>
	</object>
</annotation>
