<annotation>
	<folder></folder>
	<filename>BD15_webp.rf.287f8e8e5651e76caccb006a4549ed37.jpg</filename>
	<path>BD15_webp.rf.287f8e8e5651e76caccb006a4549ed37.jpg</path>
	<source>
		<database>roboflow.com</database>
	</source>
	<size>
		<width>640</width>
		<height>640</height>
		<depth>3</depth>
	</size>
	<segmented>0</segmented>
	<object>
		<name>BIRD</name>
		<pose>Unspecified</pose>
		<truncated>0</truncated>
		<difficult>0</difficult>
		<occluded>0</occluded>
		<bndbox>
			<xmin>138</xmin>
			<xmax>582</xmax>
			<ymin>131</ymin>
			<ymax>627</ymax>
		</bndbox>
	</object>
</annotation>
