<annotation>
	<folder></folder>
	<filename>BD16_jpg.rf.802c9d3dab9e0431c8c2d2c444e45d24.jpg</filename>
	<path>BD16_jpg.rf.802c9d3dab9e0431c8c2d2c444e45d24.jpg</path>
	<source>
		<database>roboflow.com</database>
	</source>
	<size>
		<width>640</width>
		<height>640</height>
		<depth>3</depth>
	</size>
	<segmented>0</segmented>
	<object>
		<name>BIRD</name>
		<pose>Unspecified</pose>
		<truncated>0</truncated>
		<difficult>0</difficult>
		<occluded>0</occluded>
		<bndbox>
			<xmin>70</xmin>
			<xmax>288</xmax>
			<ymin>140</ymin>
			<ymax>471</ymax>
		</bndbox>
	</object>
</annotation>
