<annotation>
	<folder></folder>
	<filename>BD1_webp.rf.a500d31f5e3925fb58aa972ed5b39421.jpg</filename>
	<path>BD1_webp.rf.a500d31f5e3925fb58aa972ed5b39421.jpg</path>
	<source>
		<database>roboflow.com</database>
	</source>
	<size>
		<width>640</width>
		<height>640</height>
		<depth>3</depth>
	</size>
	<segmented>0</segmented>
	<object>
		<name>INSECT</name>
		<pose>Unspecified</pose>
		<truncated>0</truncated>
		<difficult>0</difficult>
		<occluded>0</occluded>
		<bndbox>
			<xmin>227</xmin>
			<xmax>486</xmax>
			<ymin>56</ymin>
			<ymax>471</ymax>
		</bndbox>
	</object>
</annotation>
