<annotation>
	<folder></folder>
	<filename>BD1_webp.rf.48b9c3aa45ccd46623dcb9515d90241a.jpg</filename>
	<path>BD1_webp.rf.48b9c3aa45ccd46623dcb9515d90241a.jpg</path>
	<source>
		<database>roboflow.com</database>
	</source>
	<size>
		<width>640</width>
		<height>640</height>
		<depth>3</depth>
	</size>
	<segmented>0</segmented>
	<object>
		<name>INSECT</name>
		<pose>Unspecified</pose>
		<truncated>0</truncated>
		<difficult>0</difficult>
		<occluded>0</occluded>
		<bndbox>
			<xmin>56</xmin>
			<xmax>472</xmax>
			<ymin>156</ymin>
			<ymax>415</ymax>
		</bndbox>
	</object>
</annotation>
