<annotation>
	<folder></folder>
	<filename>BD1_webp.rf.5a52f3d50d89d85532472d338ffe4278.jpg</filename>
	<path>BD1_webp.rf.5a52f3d50d89d85532472d338ffe4278.jpg</path>
	<source>
		<database>roboflow.com</database>
	</source>
	<size>
		<width>640</width>
		<height>640</height>
		<depth>3</depth>
	</size>
	<segmented>0</segmented>
	<object>
		<name>INSECT</name>
		<pose>Unspecified</pose>
		<truncated>0</truncated>
		<difficult>0</difficult>
		<occluded>0</occluded>
		<bndbox>
			<xmin>171</xmin>
			<xmax>587</xmax>
			<ymin>227</ymin>
			<ymax>486</ymax>
		</bndbox>
	</object>
</annotation>
