<annotation>
	<folder></folder>
	<filename>BD4_jpg.rf.a9ef1de9cf0e8133f1eee7e7e93989ea.jpg</filename>
	<path>BD4_jpg.rf.a9ef1de9cf0e8133f1eee7e7e93989ea.jpg</path>
	<source>
		<database>roboflow.com</database>
	</source>
	<size>
		<width>640</width>
		<height>640</height>
		<depth>3</depth>
	</size>
	<segmented>0</segmented>
	<object>
		<name>BIRD</name>
		<pose>Unspecified</pose>
		<truncated>0</truncated>
		<difficult>0</difficult>
		<occluded>0</occluded>
		<bndbox>
			<xmin>166</xmin>
			<xmax>641</xmax>
			<ymin>29</ymin>
			<ymax>311</ymax>
		</bndbox>
	</object>
</annotation>
