<annotation>
	<folder></folder>
	<filename>BD4_jpg.rf.eae9e24df438c2b94e1c810e9847460a.jpg</filename>
	<path>BD4_jpg.rf.eae9e24df438c2b94e1c810e9847460a.jpg</path>
	<source>
		<database>roboflow.com</database>
	</source>
	<size>
		<width>640</width>
		<height>640</height>
		<depth>3</depth>
	</size>
	<segmented>0</segmented>
	<object>
		<name>BIRD</name>
		<pose>Unspecified</pose>
		<truncated>0</truncated>
		<difficult>0</difficult>
		<occluded>0</occluded>
		<bndbox>
			<xmin>331</xmin>
			<xmax>613</xmax>
			<ymin>166</ymin>
			<ymax>641</ymax>
		</bndbox>
	</object>
</annotation>
