<annotation>
	<folder></folder>
	<filename>BD4_jpg.rf.4e580bd1afb8dd09f9733c5c96eaa0fe.jpg</filename>
	<path>BD4_jpg.rf.4e580bd1afb8dd09f9733c5c96eaa0fe.jpg</path>
	<source>
		<database>roboflow.com</database>
	</source>
	<size>
		<width>640</width>
		<height>640</height>
		<depth>3</depth>
	</size>
	<segmented>0</segmented>
	<object>
		<name>BIRD</name>
		<pose>Unspecified</pose>
		<truncated>0</truncated>
		<difficult>0</difficult>
		<occluded>0</occluded>
		<bndbox>
			<xmin>1</xmin>
			<xmax>476</xmax>
			<ymin>331</ymin>
			<ymax>613</ymax>
		</bndbox>
	</object>
</annotation>
