<annotation>
	<folder></folder>
	<filename>BD5_jpg.rf.0e8bd99216108b40f79ee6d493c28b5f.jpg</filename>
	<path>BD5_jpg.rf.0e8bd99216108b40f79ee6d493c28b5f.jpg</path>
	<source>
		<database>roboflow.com</database>
	</source>
	<size>
		<width>640</width>
		<height>640</height>
		<depth>3</depth>
	</size>
	<segmented>0</segmented>
	<object>
		<name>BIRD</name>
		<pose>Unspecified</pose>
		<truncated>0</truncated>
		<difficult>0</difficult>
		<occluded>0</occluded>
		<bndbox>
			<xmin>294</xmin>
			<xmax>574</xmax>
			<ymin>252</ymin>
			<ymax>534</ymax>
		</bndbox>
	</object>
</annotation>
