<annotation>
	<folder></folder>
	<filename>BD5_jpg.rf.172908181b8d7e1d1983a56390243227.jpg</filename>
	<path>BD5_jpg.rf.172908181b8d7e1d1983a56390243227.jpg</path>
	<source>
		<database>roboflow.com</database>
	</source>
	<size>
		<width>640</width>
		<height>640</height>
		<depth>3</depth>
	</size>
	<segmented>0</segmented>
	<object>
		<name>BIRD</name>
		<pose>Unspecified</pose>
		<truncated>0</truncated>
		<difficult>0</difficult>
		<occluded>0</occluded>
		<bndbox>
			<xmin>293</xmin>
			<xmax>574</xmax>
			<ymin>252</ymin>
			<ymax>534</ymax>
		</bndbox>
	</object>
</annotation>
