<annotation>
	<folder></folder>
	<filename>BD6_webp.rf.91a6c288411fd2ee05656af07b46b040.jpg</filename>
	<path>BD6_webp.rf.91a6c288411fd2ee05656af07b46b040.jpg</path>
	<source>
		<database>roboflow.com</database>
	</source>
	<size>
		<width>640</width>
		<height>640</height>
		<depth>3</depth>
	</size>
	<segmented>0</segmented>
	<object>
		<name>BIRD</name>
		<pose>Unspecified</pose>
		<truncated>0</truncated>
		<difficult>0</difficult>
		<occluded>0</occluded>
		<bndbox>
			<xmin>133</xmin>
			<xmax>527</xmax>
			<ymin>232</ymin>
			<ymax>431</ymax>
		</bndbox>
	</object>
</annotation>
