<annotation>
	<folder></folder>
	<filename>BD6_webp.rf.faa92c2d460d5c44deab6ba42c5f544e.jpg</filename>
	<path>BD6_webp.rf.faa92c2d460d5c44deab6ba42c5f544e.jpg</path>
	<source>
		<database>roboflow.com</database>
	</source>
	<size>
		<width>640</width>
		<height>640</height>
		<depth>3</depth>
	</size>
	<segmented>0</segmented>
	<object>
		<name>BIRD</name>
		<pose>Unspecified</pose>
		<truncated>0</truncated>
		<difficult>0</difficult>
		<occluded>0</occluded>
		<bndbox>
			<xmin>211</xmin>
			<xmax>410</xmax>
			<ymin>133</ymin>
			<ymax>526</ymax>
		</bndbox>
	</object>
</annotation>
