<annotation>
	<folder></folder>
	<filename>FS10_jpg.rf.9fe5951b2681f57ffeca502d2f2f8016.jpg</filename>
	<path>FS10_jpg.rf.9fe5951b2681f57ffeca502d2f2f8016.jpg</path>
	<source>
		<database>roboflow.com</database>
	</source>
	<size>
		<width>640</width>
		<height>640</height>
		<depth>3</depth>
	</size>
	<segmented>0</segmented>
	<object>
		<name>FISH</name>
		<pose>Unspecified</pose>
		<truncated>0</truncated>
		<difficult>0</difficult>
		<occluded>0</occluded>
		<bndbox>
			<xmin>60</xmin>
			<xmax>546</xmax>
			<ymin>165</ymin>
			<ymax>523</ymax>
		</bndbox>
	</object>
</annotation>
