<annotation>
	<folder></folder>
	<filename>FS10_jpg.rf.8879b777ae35448dd0a34d93330d09d0.jpg</filename>
	<path>FS10_jpg.rf.8879b777ae35448dd0a34d93330d09d0.jpg</path>
	<source>
		<database>roboflow.com</database>
	</source>
	<size>
		<width>640</width>
		<height>640</height>
		<depth>3</depth>
	</size>
	<segmented>0</segmented>
	<object>
		<name>FISH</name>
		<pose>Unspecified</pose>
		<truncated>0</truncated>
		<difficult>0</difficult>
		<occluded>0</occluded>
		<bndbox>
			<xmin>119</xmin>
			<xmax>477</xmax>
			<ymin>60</ymin>
			<ymax>546</ymax>
		</bndbox>
	</object>
</annotation>
