<annotation>
	<folder></folder>
	<filename>FS11_jpg.rf.115bffdecc322deaa621de46b9c4b970.jpg</filename>
	<path>FS11_jpg.rf.115bffdecc322deaa621de46b9c4b970.jpg</path>
	<source>
		<database>roboflow.com</database>
	</source>
	<size>
		<width>640</width>
		<height>640</height>
		<depth>3</depth>
	</size>
	<segmented>0</segmented>
	<object>
		<name>FISH</name>
		<pose>Unspecified</pose>
		<truncated>0</truncated>
		<difficult>0</difficult>
		<occluded>0</occluded>
		<bndbox>
			<xmin>54</xmin>
			<xmax>580</xmax>
			<ymin>193</ymin>
			<ymax>396</ymax>
		</bndbox>
	</object>
</annotation>
