<annotation>
	<folder></folder>
	<filename>FS11_jpg.rf.0eb5d96e0ffb5a7c278faa262d2a4594.jpg</filename>
	<path>FS11_jpg.rf.0eb5d96e0ffb5a7c278faa262d2a4594.jpg</path>
	<source>
		<database>roboflow.com</database>
	</source>
	<size>
		<width>640</width>
		<height>640</height>
		<depth>3</depth>
	</size>
	<segmented>0</segmented>
	<object>
		<name>FISH</name>
		<pose>Unspecified</pose>
		<truncated>0</truncated>
		<difficult>0</difficult>
		<occluded>0</occluded>
		<bndbox>
			<xmin>63</xmin>
			<xmax>589</xmax>
			<ymin>246</ymin>
			<ymax>449</ymax>
		</bndbox>
	</object>
</annotation>
