<annotation>
	<folder></folder>
	<filename>FS11_jpg.rf.5c8a2543c0c40e53839eb2b320e8f55c.jpg</filename>
	<path>FS11_jpg.rf.5c8a2543c0c40e53839eb2b320e8f55c.jpg</path>
	<source>
		<database>roboflow.com</database>
	</source>
	<size>
		<width>640</width>
		<height>640</height>
		<depth>3</depth>
	</size>
	<segmented>0</segmented>
	<object>
		<name>FISH</name>
		<pose>Unspecified</pose>
		<truncated>0</truncated>
		<difficult>0</difficult>
		<occluded>0</occluded>
		<bndbox>
			<xmin>193</xmin>
			<xmax>396</xmax>
			<ymin>63</ymin>
			<ymax>588</ymax>
		</bndbox>
	</object>
</annotation>
