<annotation>
	<folder></folder>
	<filename>FS12_jpg.rf.c2120706dc51d253a8dd1c363af0f8db.jpg</filename>
	<path>FS12_jpg.rf.c2120706dc51d253a8dd1c363af0f8db.jpg</path>
	<source>
		<database>roboflow.com</database>
	</source>
	<size>
		<width>640</width>
		<height>640</height>
		<depth>3</depth>
	</size>
	<segmented>0</segmented>
	<object>
		<name>FISH</name>
		<pose>Unspecified</pose>
		<truncated>0</truncated>
		<difficult>0</difficult>
		<occluded>0</occluded>
		<bndbox>
			<xmin>142</xmin>
			<xmax>474</xmax>
			<ymin>191</ymin>
			<ymax>438</ymax>
		</bndbox>
	</object>
</annotation>
