<annotation>
	<folder></folder>
	<filename>FS12_jpg.rf.c2f1348266898a7f30626d5959739d19.jpg</filename>
	<path>FS12_jpg.rf.c2f1348266898a7f30626d5959739d19.jpg</path>
	<source>
		<database>roboflow.com</database>
	</source>
	<size>
		<width>640</width>
		<height>640</height>
		<depth>3</depth>
	</size>
	<segmented>0</segmented>
	<object>
		<name>FISH</name>
		<pose>Unspecified</pose>
		<truncated>0</truncated>
		<difficult>0</difficult>
		<occluded>0</occluded>
		<bndbox>
			<xmin>191</xmin>
			<xmax>438</xmax>
			<ymin>168</ymin>
			<ymax>500</ymax>
		</bndbox>
	</object>
</annotation>
