<annotation>
	<folder></folder>
	<filename>FS1_jpg.rf.f577aa6896b27a4fa97cae02c2da25d2.jpg</filename>
	<path>FS1_jpg.rf.f577aa6896b27a4fa97cae02c2da25d2.jpg</path>
	<source>
		<database>roboflow.com</database>
	</source>
	<size>
		<width>640</width>
		<height>640</height>
		<depth>3</depth>
	</size>
	<segmented>0</segmented>
	<object>
		<name>FISH</name>
		<pose>Unspecified</pose>
		<truncated>0</truncated>
		<difficult>0</difficult>
		<occluded>0</occluded>
		<bndbox>
			<xmin>34</xmin>
			<xmax>507</xmax>
			<ymin>126</ymin>
			<ymax>600</ymax>
		</bndbox>
	</object>
	<object>
		<name>FISH</name>
		<pose>Unspecified</pose>
		<truncated>0</truncated>
		<difficult>0</difficult>
		<occluded>0</occluded>
		<bndbox>
			<xmin>498</xmin>
			<xmax>596</xmax>
			<ymin>273</ymin>
			<ymax>450</ymax>
		</bndbox>
	</object>
</annotation>
