<annotation>
	<folder></folder>
	<filename>FS3_jpg.rf.748f0682b25ae288c9aad9b3dff19261.jpg</filename>
	<path>FS3_jpg.rf.748f0682b25ae288c9aad9b3dff19261.jpg</path>
	<source>
		<database>roboflow.com</database>
	</source>
	<size>
		<width>640</width>
		<height>640</height>
		<depth>3</depth>
	</size>
	<segmented>0</segmented>
	<object>
		<name>FISH</name>
		<pose>Unspecified</pose>
		<truncated>0</truncated>
		<difficult>0</difficult>
		<occluded>0</occluded>
		<bndbox>
			<xmin>211</xmin>
			<xmax>481</xmax>
			<ymin>113</ymin>
			<ymax>622</ymax>
		</bndbox>
	</object>
</annotation>
