<annotation>
	<folder></folder>
	<filename>FS3_jpg.rf.37e726371391d3f3e17bdb36e7afe388.jpg</filename>
	<path>FS3_jpg.rf.37e726371391d3f3e17bdb36e7afe388.jpg</path>
	<source>
		<database>roboflow.com</database>
	</source>
	<size>
		<width>640</width>
		<height>640</height>
		<depth>3</depth>
	</size>
	<segmented>0</segmented>
	<object>
		<name>FISH</name>
		<pose>Unspecified</pose>
		<truncated>0</truncated>
		<difficult>0</difficult>
		<occluded>0</occluded>
		<bndbox>
			<xmin>20</xmin>
			<xmax>529</xmax>
			<ymin>211</ymin>
			<ymax>481</ymax>
		</bndbox>
	</object>
</annotation>
