<annotation>
	<folder></folder>
	<filename>FS4_jpg.rf.d15448e4dbf2434ec6093500371d3bd4.jpg</filename>
	<path>FS4_jpg.rf.d15448e4dbf2434ec6093500371d3bd4.jpg</path>
	<source>
		<database>roboflow.com</database>
	</source>
	<size>
		<width>640</width>
		<height>640</height>
		<depth>3</depth>
	</size>
	<segmented>0</segmented>
	<object>
		<name>FISH</name>
		<pose>Unspecified</pose>
		<truncated>0</truncated>
		<difficult>0</difficult>
		<occluded>0</occluded>
		<bndbox>
			<xmin>49</xmin>
			<xmax>571</xmax>
			<ymin>135</ymin>
			<ymax>513</ymax>
		</bndbox>
	</object>
</annotation>
