<annotation>
	<folder></folder>
	<filename>FS4_jpg.rf.1d3e628016005e6c621660d434753675.jpg</filename>
	<path>FS4_jpg.rf.1d3e628016005e6c621660d434753675.jpg</path>
	<source>
		<database>roboflow.com</database>
	</source>
	<size>
		<width>640</width>
		<height>640</height>
		<depth>3</depth>
	</size>
	<segmented>0</segmented>
	<object>
		<name>FISH</name>
		<pose>Unspecified</pose>
		<truncated>0</truncated>
		<difficult>0</difficult>
		<occluded>0</occluded>
		<bndbox>
			<xmin>135</xmin>
			<xmax>513</xmax>
			<ymin>71</ymin>
			<ymax>593</ymax>
		</bndbox>
	</object>
</annotation>
