<annotation>
	<folder></folder>
	<filename>FS5_jpg.rf.d696749ce37112706373debdc7d1fd50.jpg</filename>
	<path>FS5_jpg.rf.d696749ce37112706373debdc7d1fd50.jpg</path>
	<source>
		<database>roboflow.com</database>
	</source>
	<size>
		<width>640</width>
		<height>640</height>
		<depth>3</depth>
	</size>
	<segmented>0</segmented>
	<object>
		<name>FISH</name>
		<pose>Unspecified</pose>
		<truncated>0</truncated>
		<difficult>0</difficult>
		<occluded>0</occluded>
		<bndbox>
			<xmin>183</xmin>
			<xmax>516</xmax>
			<ymin>23</ymin>
			<ymax>609</ymax>
		</bndbox>
	</object>
</annotation>
