<annotation>
	<folder></folder>
	<filename>FS5_jpg.rf.4d49c9332afe44366896c87ed1a723a0.jpg</filename>
	<path>FS5_jpg.rf.4d49c9332afe44366896c87ed1a723a0.jpg</path>
	<source>
		<database>roboflow.com</database>
	</source>
	<size>
		<width>640</width>
		<height>640</height>
		<depth>3</depth>
	</size>
	<segmented>0</segmented>
	<object>
		<name>FISH</name>
		<pose>Unspecified</pose>
		<truncated>0</truncated>
		<difficult>0</difficult>
		<occluded>0</occluded>
		<bndbox>
			<xmin>23</xmin>
			<xmax>609</xmax>
			<ymin>127</ymin>
			<ymax>460</ymax>
		</bndbox>
	</object>
</annotation>
