<annotation>
	<folder></folder>
	<filename>FS5_jpg.rf.2c2b22dcb79b4e11e26b6c480e87d8bb.jpg</filename>
	<path>FS5_jpg.rf.2c2b22dcb79b4e11e26b6c480e87d8bb.jpg</path>
	<source>
		<database>roboflow.com</database>
	</source>
	<size>
		<width>640</width>
		<height>640</height>
		<depth>3</depth>
	</size>
	<segmented>0</segmented>
	<object>
		<name>FISH</name>
		<pose>Unspecified</pose>
		<truncated>0</truncated>
		<difficult>0</difficult>
		<occluded>0</occluded>
		<bndbox>
			<xmin>22</xmin>
			<xmax>609</xmax>
			<ymin>127</ymin>
			<ymax>460</ymax>
		</bndbox>
	</object>
</annotation>
