<annotation>
	<folder></folder>
	<filename>FS7_jpg.rf.300860967e8bd3e3e2dc8c06467629b9.jpg</filename>
	<path>FS7_jpg.rf.300860967e8bd3e3e2dc8c06467629b9.jpg</path>
	<source>
		<database>roboflow.com</database>
	</source>
	<size>
		<width>640</width>
		<height>640</height>
		<depth>3</depth>
	</size>
	<segmented>0</segmented>
	<object>
		<name>FISH</name>
		<pose>Unspecified</pose>
		<truncated>0</truncated>
		<difficult>0</difficult>
		<occluded>0</occluded>
		<bndbox>
			<xmin>182</xmin>
			<xmax>519</xmax>
			<ymin>120</ymin>
			<ymax>567</ymax>
		</bndbox>
	</object>
</annotation>
