<annotation>
	<folder></folder>
	<filename>FS7_jpg.rf.ac78292aa6b5a5a62bda6d3436759d8d.jpg</filename>
	<path>FS7_jpg.rf.ac78292aa6b5a5a62bda6d3436759d8d.jpg</path>
	<source>
		<database>roboflow.com</database>
	</source>
	<size>
		<width>640</width>
		<height>640</height>
		<depth>3</depth>
	</size>
	<segmented>0</segmented>
	<object>
		<name>FISH</name>
		<pose>Unspecified</pose>
		<truncated>0</truncated>
		<difficult>0</difficult>
		<occluded>0</occluded>
		<bndbox>
			<xmin>75</xmin>
			<xmax>522</xmax>
			<ymin>183</ymin>
			<ymax>519</ymax>
		</bndbox>
	</object>
</annotation>
