<annotation>
	<folder></folder>
	<filename>FS8_webp.rf.29f142074c541e2b37459e2537e23d5b.jpg</filename>
	<path>FS8_webp.rf.29f142074c541e2b37459e2537e23d5b.jpg</path>
	<source>
		<database>roboflow.com</database>
	</source>
	<size>
		<width>640</width>
		<height>640</height>
		<depth>3</depth>
	</size>
	<segmented>0</segmented>
	<object>
		<name>FISH</name>
		<pose>Unspecified</pose>
		<truncated>0</truncated>
		<difficult>0</difficult>
		<occluded>0</occluded>
		<bndbox>
			<xmin>3</xmin>
			<xmax>637</xmax>
			<ymin>3</ymin>
			<ymax>634</ymax>
		</bndbox>
	</object>
</annotation>
