<annotation>
	<folder></folder>
	<filename>FS9_png.rf.752174cfc990de68eedde6727684220a.jpg</filename>
	<path>FS9_png.rf.752174cfc990de68eedde6727684220a.jpg</path>
	<source>
		<database>roboflow.com</database>
	</source>
	<size>
		<width>640</width>
		<height>640</height>
		<depth>3</depth>
	</size>
	<segmented>0</segmented>
	<object>
		<name>FISH</name>
		<pose>Unspecified</pose>
		<truncated>0</truncated>
		<difficult>0</difficult>
		<occluded>0</occluded>
		<bndbox>
			<xmin>9</xmin>
			<xmax>629</xmax>
			<ymin>8</ymin>
			<ymax>636</ymax>
		</bndbox>
	</object>
</annotation>
