<annotation>
	<folder></folder>
	<filename>FS9_png.rf.2d4fdbf3918adb9aa49b8b365f4afa6d.jpg</filename>
	<path>FS9_png.rf.2d4fdbf3918adb9aa49b8b365f4afa6d.jpg</path>
	<source>
		<database>roboflow.com</database>
	</source>
	<size>
		<width>640</width>
		<height>640</height>
		<depth>3</depth>
	</size>
	<segmented>0</segmented>
	<object>
		<name>FISH</name>
		<pose>Unspecified</pose>
		<truncated>0</truncated>
		<difficult>0</difficult>
		<occluded>0</occluded>
		<bndbox>
			<xmin>6</xmin>
			<xmax>635</xmax>
			<ymin>9</ymin>
			<ymax>629</ymax>
		</bndbox>
	</object>
</annotation>
