<annotation>
	<folder></folder>
	<filename>FS9_png.rf.b725bbe477e582eddbb66afa3b2e59ce.jpg</filename>
	<path>FS9_png.rf.b725bbe477e582eddbb66afa3b2e59ce.jpg</path>
	<source>
		<database>roboflow.com</database>
	</source>
	<size>
		<width>640</width>
		<height>640</height>
		<depth>3</depth>
	</size>
	<segmented>0</segmented>
	<object>
		<name>FISH</name>
		<pose>Unspecified</pose>
		<truncated>0</truncated>
		<difficult>0</difficult>
		<occluded>0</occluded>
		<bndbox>
			<xmin>13</xmin>
			<xmax>633</xmax>
			<ymin>7</ymin>
			<ymax>635</ymax>
		</bndbox>
	</object>
</annotation>
