<annotation>
	<folder></folder>
	<filename>IS11_webp.rf.57ca22e13ca32b855a2498bf19b493e4.jpg</filename>
	<path>IS11_webp.rf.57ca22e13ca32b855a2498bf19b493e4.jpg</path>
	<source>
		<database>roboflow.com</database>
	</source>
	<size>
		<width>640</width>
		<height>640</height>
		<depth>3</depth>
	</size>
	<segmented>0</segmented>
	<object>
		<name>INSECT</name>
		<pose>Unspecified</pose>
		<truncated>0</truncated>
		<difficult>0</difficult>
		<occluded>0</occluded>
		<bndbox>
			<xmin>290</xmin>
			<xmax>471</xmax>
			<ymin>158</ymin>
			<ymax>352</ymax>
		</bndbox>
	</object>
</annotation>
