<annotation>
	<folder></folder>
	<filename>IS13_webp.rf.a4c9e41130e941241983cc7202c3fbc9.jpg</filename>
	<path>IS13_webp.rf.a4c9e41130e941241983cc7202c3fbc9.jpg</path>
	<source>
		<database>roboflow.com</database>
	</source>
	<size>
		<width>640</width>
		<height>640</height>
		<depth>3</depth>
	</size>
	<segmented>0</segmented>
	<object>
		<name>INSECT</name>
		<pose>Unspecified</pose>
		<truncated>0</truncated>
		<difficult>0</difficult>
		<occluded>0</occluded>
		<bndbox>
			<xmin>272</xmin>
			<xmax>485</xmax>
			<ymin>259</ymin>
			<ymax>521</ymax>
		</bndbox>
	</object>
</annotation>
