<annotation>
	<folder></folder>
	<filename>IS13_webp.rf.4ba6e5b3467f06643ceea35d264f02fd.jpg</filename>
	<path>IS13_webp.rf.4ba6e5b3467f06643ceea35d264f02fd.jpg</path>
	<source>
		<database>roboflow.com</database>
	</source>
	<size>
		<width>640</width>
		<height>640</height>
		<depth>3</depth>
	</size>
	<segmented>0</segmented>
	<object>
		<name>INSECT</name>
		<pose>Unspecified</pose>
		<truncated>0</truncated>
		<difficult>0</difficult>
		<occluded>0</occluded>
		<bndbox>
			<xmin>121</xmin>
			<xmax>383</xmax>
			<ymin>273</ymin>
			<ymax>485</ymax>
		</bndbox>
	</object>
</annotation>
