<annotation>
	<folder></folder>
	<filename>IS15_jpg.rf.bb47831e4c83ea857c35a6db9494b064.jpg</filename>
	<path>IS15_jpg.rf.bb47831e4c83ea857c35a6db9494b064.jpg</path>
	<source>
		<database>roboflow.com</database>
	</source>
	<size>
		<width>640</width>
		<height>640</height>
		<depth>3</depth>
	</size>
	<segmented>0</segmented>
	<object>
		<name>INSECT</name>
		<pose>Unspecified</pose>
		<truncated>0</truncated>
		<difficult>0</difficult>
		<occluded>0</occluded>
		<bndbox>
			<xmin>1</xmin>
			<xmax>402</xmax>
			<ymin>38</ymin>
			<ymax>395</ymax>
		</bndbox>
	</object>
</annotation>
