<annotation>
	<folder></folder>
	<filename>IS15_jpg.rf.58377a2617e1b1cba6cde348f5c80081.jpg</filename>
	<path>IS15_jpg.rf.58377a2617e1b1cba6cde348f5c80081.jpg</path>
	<source>
		<database>roboflow.com</database>
	</source>
	<size>
		<width>640</width>
		<height>640</height>
		<depth>3</depth>
	</size>
	<segmented>0</segmented>
	<object>
		<name>INSECT</name>
		<pose>Unspecified</pose>
		<truncated>0</truncated>
		<difficult>0</difficult>
		<occluded>0</occluded>
		<bndbox>
			<xmin>38</xmin>
			<xmax>395</xmax>
			<ymin>240</ymin>
			<ymax>641</ymax>
		</bndbox>
	</object>
</annotation>
