<annotation>
	<folder></folder>
	<filename>IS15_jpg.rf.41fde1c0777e7e2d4d5fcdffd3b9a603.jpg</filename>
	<path>IS15_jpg.rf.41fde1c0777e7e2d4d5fcdffd3b9a603.jpg</path>
	<source>
		<database>roboflow.com</database>
	</source>
	<size>
		<width>640</width>
		<height>640</height>
		<depth>3</depth>
	</size>
	<segmented>0</segmented>
	<object>
		<name>INSECT</name>
		<pose>Unspecified</pose>
		<truncated>0</truncated>
		<difficult>0</difficult>
		<occluded>0</occluded>
		<bndbox>
			<xmin>240</xmin>
			<xmax>641</xmax>
			<ymin>247</ymin>
			<ymax>604</ymax>
		</bndbox>
	</object>
</annotation>
