<annotation>
	<folder></folder>
	<filename>IS16_png.rf.ea1f1afeb3bdf4787769283affc99dba.jpg</filename>
	<path>IS16_png.rf.ea1f1afeb3bdf4787769283affc99dba.jpg</path>
	<source>
		<database>roboflow.com</database>
	</source>
	<size>
		<width>640</width>
		<height>640</height>
		<depth>3</depth>
	</size>
	<segmented>0</segmented>
	<object>
		<name>INSECT</name>
		<pose>Unspecified</pose>
		<truncated>0</truncated>
		<difficult>0</difficult>
		<occluded>0</occluded>
		<bndbox>
			<xmin>47</xmin>
			<xmax>600</xmax>
			<ymin>138</ymin>
			<ymax>572</ymax>
		</bndbox>
	</object>
</annotation>
