<annotation>
	<folder></folder>
	<filename>IS16_png.rf.0a5befb0fa18f6fbb66a113bf7b2df63.jpg</filename>
	<path>IS16_png.rf.0a5befb0fa18f6fbb66a113bf7b2df63.jpg</path>
	<source>
		<database>roboflow.com</database>
	</source>
	<size>
		<width>640</width>
		<height>640</height>
		<depth>3</depth>
	</size>
	<segmented>0</segmented>
	<object>
		<name>INSECT</name>
		<pose>Unspecified</pose>
		<truncated>0</truncated>
		<difficult>0</difficult>
		<occluded>0</occluded>
		<bndbox>
			<xmin>138</xmin>
			<xmax>572</xmax>
			<ymin>42</ymin>
			<ymax>595</ymax>
		</bndbox>
	</object>
</annotation>
