<annotation>
	<folder></folder>
	<filename>IS17_jpg.rf.b53b6cffe0aa06ece7e04b5f60ddb991.jpg</filename>
	<path>IS17_jpg.rf.b53b6cffe0aa06ece7e04b5f60ddb991.jpg</path>
	<source>
		<database>roboflow.com</database>
	</source>
	<size>
		<width>640</width>
		<height>640</height>
		<depth>3</depth>
	</size>
	<segmented>0</segmented>
	<object>
		<name>INSECT</name>
		<pose>Unspecified</pose>
		<truncated>0</truncated>
		<difficult>0</difficult>
		<occluded>0</occluded>
		<bndbox>
			<xmin>17</xmin>
			<xmax>605</xmax>
			<ymin>54</ymin>
			<ymax>572</ymax>
		</bndbox>
	</object>
</annotation>
