<annotation>
	<folder></folder>
	<filename>IS17_jpg.rf.f3813167a505f66601f01a6f56881f7a.jpg</filename>
	<path>IS17_jpg.rf.f3813167a505f66601f01a6f56881f7a.jpg</path>
	<source>
		<database>roboflow.com</database>
	</source>
	<size>
		<width>640</width>
		<height>640</height>
		<depth>3</depth>
	</size>
	<segmented>0</segmented>
	<object>
		<name>INSECT</name>
		<pose>Unspecified</pose>
		<truncated>0</truncated>
		<difficult>0</difficult>
		<occluded>0</occluded>
		<bndbox>
			<xmin>54</xmin>
			<xmax>572</xmax>
			<ymin>37</ymin>
			<ymax>625</ymax>
		</bndbox>
	</object>
</annotation>
