<annotation>
	<folder></folder>
	<filename>IS18_jpg.rf.6c4a61d649cdd2ca93416d1dd778cd0c.jpg</filename>
	<path>IS18_jpg.rf.6c4a61d649cdd2ca93416d1dd778cd0c.jpg</path>
	<source>
		<database>roboflow.com</database>
	</source>
	<size>
		<width>640</width>
		<height>640</height>
		<depth>3</depth>
	</size>
	<segmented>0</segmented>
	<object>
		<name>INSECT</name>
		<pose>Unspecified</pose>
		<truncated>0</truncated>
		<difficult>0</difficult>
		<occluded>0</occluded>
		<bndbox>
			<xmin>124</xmin>
			<xmax>514</xmax>
			<ymin>146</ymin>
			<ymax>508</ymax>
		</bndbox>
	</object>
</annotation>
