<annotation>
	<folder></folder>
	<filename>IS18_jpg.rf.efe93bb8d6b133831980a214a1c61434.jpg</filename>
	<path>IS18_jpg.rf.efe93bb8d6b133831980a214a1c61434.jpg</path>
	<source>
		<database>roboflow.com</database>
	</source>
	<size>
		<width>640</width>
		<height>640</height>
		<depth>3</depth>
	</size>
	<segmented>0</segmented>
	<object>
		<name>INSECT</name>
		<pose>Unspecified</pose>
		<truncated>0</truncated>
		<difficult>0</difficult>
		<occluded>0</occluded>
		<bndbox>
			<xmin>146</xmin>
			<xmax>508</xmax>
			<ymin>129</ymin>
			<ymax>519</ymax>
		</bndbox>
	</object>
</annotation>
