<annotation>
	<folder></folder>
	<filename>IS18_jpg.rf.d9db522ee267fa06d4d684a1ce2583d6.jpg</filename>
	<path>IS18_jpg.rf.d9db522ee267fa06d4d684a1ce2583d6.jpg</path>
	<source>
		<database>roboflow.com</database>
	</source>
	<size>
		<width>640</width>
		<height>640</height>
		<depth>3</depth>
	</size>
	<segmented>0</segmented>
	<object>
		<name>INSECT</name>
		<pose>Unspecified</pose>
		<truncated>0</truncated>
		<difficult>0</difficult>
		<occluded>0</occluded>
		<bndbox>
			<xmin>124</xmin>
			<xmax>514</xmax>
			<ymin>146</ymin>
			<ymax>508</ymax>
		</bndbox>
	</object>
</annotation>
