<annotation>
	<folder></folder>
	<filename>IS20_jpg.rf.72359a90c533167707e5a2686e4c650e.jpg</filename>
	<path>IS20_jpg.rf.72359a90c533167707e5a2686e4c650e.jpg</path>
	<source>
		<database>roboflow.com</database>
	</source>
	<size>
		<width>640</width>
		<height>640</height>
		<depth>3</depth>
	</size>
	<segmented>0</segmented>
	<object>
		<name>INSECT</name>
		<pose>Unspecified</pose>
		<truncated>0</truncated>
		<difficult>0</difficult>
		<occluded>0</occluded>
		<bndbox>
			<xmin>143</xmin>
			<xmax>461</xmax>
			<ymin>204</ymin>
			<ymax>442</ymax>
		</bndbox>
	</object>
</annotation>
