<annotation>
	<folder></folder>
	<filename>IS20_jpg.rf.1fd58c5588c48a9c8cbc477250d6651f.jpg</filename>
	<path>IS20_jpg.rf.1fd58c5588c48a9c8cbc477250d6651f.jpg</path>
	<source>
		<database>roboflow.com</database>
	</source>
	<size>
		<width>640</width>
		<height>640</height>
		<depth>3</depth>
	</size>
	<segmented>0</segmented>
	<object>
		<name>INSECT</name>
		<pose>Unspecified</pose>
		<truncated>0</truncated>
		<difficult>0</difficult>
		<occluded>0</occluded>
		<bndbox>
			<xmin>204</xmin>
			<xmax>442</xmax>
			<ymin>182</ymin>
			<ymax>500</ymax>
		</bndbox>
	</object>
</annotation>
