<annotation>
	<folder></folder>
	<filename>IS23_jpg.rf.16ac660ae376accf2d3639fc45d1417a.jpg</filename>
	<path>IS23_jpg.rf.16ac660ae376accf2d3639fc45d1417a.jpg</path>
	<source>
		<database>roboflow.com</database>
	</source>
	<size>
		<width>640</width>
		<height>640</height>
		<depth>3</depth>
	</size>
	<segmented>0</segmented>
	<object>
		<name>INSECT</name>
		<pose>Unspecified</pose>
		<truncated>0</truncated>
		<difficult>0</difficult>
		<occluded>0</occluded>
		<bndbox>
			<xmin>17</xmin>
			<xmax>621</xmax>
			<ymin>14</ymin>
			<ymax>622</ymax>
		</bndbox>
	</object>
</annotation>
