<annotation>
	<folder></folder>
	<filename>IS23_jpg.rf.06bb8ecce8e967d38ea41dc49723324f.jpg</filename>
	<path>IS23_jpg.rf.06bb8ecce8e967d38ea41dc49723324f.jpg</path>
	<source>
		<database>roboflow.com</database>
	</source>
	<size>
		<width>640</width>
		<height>640</height>
		<depth>3</depth>
	</size>
	<segmented>0</segmented>
	<object>
		<name>INSECT</name>
		<pose>Unspecified</pose>
		<truncated>0</truncated>
		<difficult>0</difficult>
		<occluded>0</occluded>
		<bndbox>
			<xmin>20</xmin>
			<xmax>628</xmax>
			<ymin>17</ymin>
			<ymax>621</ymax>
		</bndbox>
	</object>
</annotation>
