<annotation>
	<folder></folder>
	<filename>IS24_jpg.rf.1dd4bd2bd444678443a9a73f4f134410.jpg</filename>
	<path>IS24_jpg.rf.1dd4bd2bd444678443a9a73f4f134410.jpg</path>
	<source>
		<database>roboflow.com</database>
	</source>
	<size>
		<width>640</width>
		<height>640</height>
		<depth>3</depth>
	</size>
	<segmented>0</segmented>
	<object>
		<name>INSECT</name>
		<pose>Unspecified</pose>
		<truncated>0</truncated>
		<difficult>0</difficult>
		<occluded>0</occluded>
		<bndbox>
			<xmin>1</xmin>
			<xmax>629</xmax>
			<ymin>40</ymin>
			<ymax>618</ymax>
		</bndbox>
	</object>
</annotation>
