<annotation>
	<folder></folder>
	<filename>IS24_jpg.rf.bb9d8dd03fdeae11c62b2526af5f8a83.jpg</filename>
	<path>IS24_jpg.rf.bb9d8dd03fdeae11c62b2526af5f8a83.jpg</path>
	<source>
		<database>roboflow.com</database>
	</source>
	<size>
		<width>640</width>
		<height>640</height>
		<depth>3</depth>
	</size>
	<segmented>0</segmented>
	<object>
		<name>INSECT</name>
		<pose>Unspecified</pose>
		<truncated>0</truncated>
		<difficult>0</difficult>
		<occluded>0</occluded>
		<bndbox>
			<xmin>40</xmin>
			<xmax>618</xmax>
			<ymin>13</ymin>
			<ymax>641</ymax>
		</bndbox>
	</object>
</annotation>
