<annotation>
	<folder></folder>
	<filename>IS25_jpg.rf.1951de11f25c3d8c8202b6678d1cf832.jpg</filename>
	<path>IS25_jpg.rf.1951de11f25c3d8c8202b6678d1cf832.jpg</path>
	<source>
		<database>roboflow.com</database>
	</source>
	<size>
		<width>640</width>
		<height>640</height>
		<depth>3</depth>
	</size>
	<segmented>0</segmented>
	<object>
		<name>INSECT</name>
		<pose>Unspecified</pose>
		<truncated>0</truncated>
		<difficult>0</difficult>
		<occluded>0</occluded>
		<bndbox>
			<xmin>159</xmin>
			<xmax>500</xmax>
			<ymin>1</ymin>
			<ymax>559</ymax>
		</bndbox>
	</object>
</annotation>
