<annotation>
	<folder></folder>
	<filename>IS25_jpg.rf.b4c8d55ac99065a461fb55b3b85ca3e3.jpg</filename>
	<path>IS25_jpg.rf.b4c8d55ac99065a461fb55b3b85ca3e3.jpg</path>
	<source>
		<database>roboflow.com</database>
	</source>
	<size>
		<width>640</width>
		<height>640</height>
		<depth>3</depth>
	</size>
	<segmented>0</segmented>
	<object>
		<name>INSECT</name>
		<pose>Unspecified</pose>
		<truncated>0</truncated>
		<difficult>0</difficult>
		<occluded>0</occluded>
		<bndbox>
			<xmin>83</xmin>
			<xmax>641</xmax>
			<ymin>159</ymin>
			<ymax>500</ymax>
		</bndbox>
	</object>
</annotation>
