<annotation>
	<folder></folder>
	<filename>IS5_jpg.rf.231fc53052dae8f76fd5807dc1e3af42.jpg</filename>
	<path>IS5_jpg.rf.231fc53052dae8f76fd5807dc1e3af42.jpg</path>
	<source>
		<database>roboflow.com</database>
	</source>
	<size>
		<width>640</width>
		<height>640</height>
		<depth>3</depth>
	</size>
	<segmented>0</segmented>
	<object>
		<name>INSECT</name>
		<pose>Unspecified</pose>
		<truncated>0</truncated>
		<difficult>0</difficult>
		<occluded>0</occluded>
		<bndbox>
			<xmin>206</xmin>
			<xmax>504</xmax>
			<ymin>45</ymin>
			<ymax>543</ymax>
		</bndbox>
	</object>
</annotation>
