<annotation>
	<folder></folder>
	<filename>IS5_jpg.rf.fa8bdf2a6bfcc749c743edc325cb9c20.jpg</filename>
	<path>IS5_jpg.rf.fa8bdf2a6bfcc749c743edc325cb9c20.jpg</path>
	<source>
		<database>roboflow.com</database>
	</source>
	<size>
		<width>640</width>
		<height>640</height>
		<depth>3</depth>
	</size>
	<segmented>0</segmented>
	<object>
		<name>INSECT</name>
		<pose>Unspecified</pose>
		<truncated>0</truncated>
		<difficult>0</difficult>
		<occluded>0</occluded>
		<bndbox>
			<xmin>100</xmin>
			<xmax>598</xmax>
			<ymin>206</ymin>
			<ymax>504</ymax>
		</bndbox>
	</object>
</annotation>
