<annotation>
	<folder></folder>
	<filename>IS6_webp.rf.ef6c44d7aca89a74b31ab0f18a7a1874.jpg</filename>
	<path>IS6_webp.rf.ef6c44d7aca89a74b31ab0f18a7a1874.jpg</path>
	<source>
		<database>roboflow.com</database>
	</source>
	<size>
		<width>640</width>
		<height>640</height>
		<depth>3</depth>
	</size>
	<segmented>0</segmented>
	<object>
		<name>INSECT</name>
		<pose>Unspecified</pose>
		<truncated>0</truncated>
		<difficult>0</difficult>
		<occluded>0</occluded>
		<bndbox>
			<xmin>28</xmin>
			<xmax>486</xmax>
			<ymin>134</ymin>
			<ymax>594</ymax>
		</bndbox>
	</object>
</annotation>
