<annotation>
	<folder></folder>
	<filename>IS6_webp.rf.0998ba3789f7d39bc6a57e5225db29c8.jpg</filename>
	<path>IS6_webp.rf.0998ba3789f7d39bc6a57e5225db29c8.jpg</path>
	<source>
		<database>roboflow.com</database>
	</source>
	<size>
		<width>640</width>
		<height>640</height>
		<depth>3</depth>
	</size>
	<segmented>0</segmented>
	<object>
		<name>INSECT</name>
		<pose>Unspecified</pose>
		<truncated>0</truncated>
		<difficult>0</difficult>
		<occluded>0</occluded>
		<bndbox>
			<xmin>49</xmin>
			<xmax>509</xmax>
			<ymin>28</ymin>
			<ymax>486</ymax>
		</bndbox>
	</object>
</annotation>
