<annotation>
	<folder></folder>
	<filename>IS7_jpg.rf.3c0d3e1020ef1373f490d4782450b9fe.jpg</filename>
	<path>IS7_jpg.rf.3c0d3e1020ef1373f490d4782450b9fe.jpg</path>
	<source>
		<database>roboflow.com</database>
	</source>
	<size>
		<width>640</width>
		<height>640</height>
		<depth>3</depth>
	</size>
	<segmented>0</segmented>
	<object>
		<name>INSECT</name>
		<pose>Unspecified</pose>
		<truncated>0</truncated>
		<difficult>0</difficult>
		<occluded>0</occluded>
		<bndbox>
			<xmin>195</xmin>
			<xmax>510</xmax>
			<ymin>141</ymin>
			<ymax>558</ymax>
		</bndbox>
	</object>
</annotation>
