<annotation>
	<folder></folder>
	<filename>IS7_jpg.rf.39f4717680b347ba2457b0ea32807a00.jpg</filename>
	<path>IS7_jpg.rf.39f4717680b347ba2457b0ea32807a00.jpg</path>
	<source>
		<database>roboflow.com</database>
	</source>
	<size>
		<width>640</width>
		<height>640</height>
		<depth>3</depth>
	</size>
	<segmented>0</segmented>
	<object>
		<name>INSECT</name>
		<pose>Unspecified</pose>
		<truncated>0</truncated>
		<difficult>0</difficult>
		<occluded>0</occluded>
		<bndbox>
			<xmin>141</xmin>
			<xmax>558</xmax>
			<ymin>133</ymin>
			<ymax>447</ymax>
		</bndbox>
	</object>
</annotation>
