<annotation>
	<folder></folder>
	<filename>IS7_jpg.rf.3b2ceda7db543df67153425d558e2bbb.jpg</filename>
	<path>IS7_jpg.rf.3b2ceda7db543df67153425d558e2bbb.jpg</path>
	<source>
		<database>roboflow.com</database>
	</source>
	<size>
		<width>640</width>
		<height>640</height>
		<depth>3</depth>
	</size>
	<segmented>0</segmented>
	<object>
		<name>INSECT</name>
		<pose>Unspecified</pose>
		<truncated>0</truncated>
		<difficult>0</difficult>
		<occluded>0</occluded>
		<bndbox>
			<xmin>84</xmin>
			<xmax>501</xmax>
			<ymin>196</ymin>
			<ymax>510</ymax>
		</bndbox>
	</object>
</annotation>
