<annotation>
	<folder></folder>
	<filename>IS8_jpg.rf.3c9a5cee8385e2a6c3b1cd9dbd0c42c6.jpg</filename>
	<path>IS8_jpg.rf.3c9a5cee8385e2a6c3b1cd9dbd0c42c6.jpg</path>
	<source>
		<database>roboflow.com</database>
	</source>
	<size>
		<width>640</width>
		<height>640</height>
		<depth>3</depth>
	</size>
	<segmented>0</segmented>
	<object>
		<name>INSECT</name>
		<pose>Unspecified</pose>
		<truncated>0</truncated>
		<difficult>0</difficult>
		<occluded>0</occluded>
		<bndbox>
			<xmin>25</xmin>
			<xmax>492</xmax>
			<ymin>204</ymin>
			<ymax>426</ymax>
		</bndbox>
	</object>
</annotation>
