<annotation>
	<folder></folder>
	<filename>IS8_jpg.rf.a3924589a644d58833dfbae5e46c95a2.jpg</filename>
	<path>IS8_jpg.rf.a3924589a644d58833dfbae5e46c95a2.jpg</path>
	<source>
		<database>roboflow.com</database>
	</source>
	<size>
		<width>640</width>
		<height>640</height>
		<depth>3</depth>
	</size>
	<segmented>0</segmented>
	<object>
		<name>INSECT</name>
		<pose>Unspecified</pose>
		<truncated>0</truncated>
		<difficult>0</difficult>
		<occluded>0</occluded>
		<bndbox>
			<xmin>203</xmin>
			<xmax>426</xmax>
			<ymin>150</ymin>
			<ymax>617</ymax>
		</bndbox>
	</object>
</annotation>
